rank,uri,artist_names,track_name,source,peak_rank,previous_rank,weeks_on_chart,streams
1,"spotify:track:7nrd0eIftH3NQLfgk20Qp9","Blessd, Anuel AA, Yan Block, Luar La L, Kris R., ROA","YOGURCITO REMIX (feat. Kris R., ROA)","WEA Latina",1,1,3,"2226291"
2,"spotify:track:6iOndD4OFo7GkaDypWQIou","W Sound, Beéle, Ovy On The Drums","La Plena - W Sound 05","WEA Latina",1,2,29,"2165791"
3,"spotify:track:7sRXb5IgYWwVv1DaavHSNs","Blessd, Fuerza Regida, Ovy On The Drums","COMO OREO","WEA Latina",3,9,2,"1836653"
4,"spotify:track:1HEwEN64NjgTaHmo7LfkX8","Beéle","no tiene sentido","5020 Records",2,4,17,"1769311"
5,"spotify:track:2QP041AcWg8PwPIWP95RKN","Beéle","top diesel","5020 Records",3,5,17,"1646446"
6,"spotify:track:7koAf6aZgjO6TS7bipfPD0","Ovy On The Drums, Quevedo, Beéle","YO y TÚ","WEA Latina",2,3,13,"1592560"
7,"spotify:track:6OCNg7QchXJMww1LHMjIzb","Nicky Jam, Beéle","Hiekka","Nicky Jam",1,12,19,"1587219"
8,"spotify:track:4zhk2RS2EZODmBW6il55Qj","Beéle, Ovy On The Drums","mi refe","5020 Records",1,10,40,"1542404"
9,"spotify:track:2RnCVOUcOaPeTlFRW3NHQJ","Kybba, Sean Paul, Ryan Castro, Busy Signal","Ba Ba Bad Remix","Basshall",2,8,11,"1493062"
10,"spotify:track:6rZno3nqeT7hv2PnSWRuYS","Blessd","YOGURCITO","WEA Latina",6,6,54,"1479596"
11,"spotify:track:1kJyDcBrZ7rSKnFtKc82vm","Blessd, Ovy On The Drums","AMISTA","WEA Latina",2,7,20,"1465952"
12,"spotify:track:1C7NXX8UJ6pgNx8EkmyZDd","Beéle","si te pillara","5020 Records",6,14,16,"1364443"
13,"spotify:track:6VfL3MEuYeJbDlD8m011HR","Beéle","quédate","5020 Records",2,11,17,"1327681"
14,"spotify:track:46ufabZP6oK3ixmN6Gd753","Ryan Castro, Dongo","SANKA","AWOO Corp./Sony Music Latin",7,15,14,"1319159"
15,"spotify:track:2tKVinInf0PJS1iG04zzqi","Blessd, Sebastian Ledher, Tayson Kryss, Joseph Ren","UNA NOCHE DE LOCURA","WEA Latina",10,13,16,"1246697"
16,"spotify:track:6uiQ0DqbXTBc8tl0AUKZkR","Rels B","TU VAS SIN (fav)","DALE PLAY Records / Flakk Team",16,20,10,"1213314"
17,"spotify:track:0Qe2g06yzLBuuSvVmFiweP","Nanpa Básico, Beéle","Hasta Aquí Llegué","5020 Records",3,16,60,"1185690"
18,"spotify:track:0nafF9MxcXJBQWv3BTKtdF","KAROL G, Feid","Verano Rosa","Bichota/Interscope Records",5,17,12,"1131102"
19,"spotify:track:4zqFA9MOG86u7uugR8QFDU","Kapo, Ryan Castro","DÓNDE","Sony Music Latin/La Industria",16,21,10,"1094771"
20,"spotify:track:1PREzVLuDT6PSE9sej4wnV","Fuerza Regida, Grupo Frontera","COQUETA","Rancho Humilde/Streetmob Records/Grupo Frontera/Sony Music Latin",20,24,19,"1033455"
21,"spotify:track:569xAmXCkpM3IsEOiG4hWe","Kenny Die, Blessd, Kris R., Sebas","Ultra Complicado (feat. Sebas) - Remix","WEA Latina",3,18,30,"1027034"
22,"spotify:track:3AoF1Fd8rWPBTIfGkcxdQM","Feid","SE LO JURO MOR","Universal Music Latino",17,19,4,"955088"
23,"spotify:track:0fMjldiEpgjbWQ4bBQwVzH","Kapo","UWAIE","Sony Music Latin/La Industria",1,29,56,"923861"
24,"spotify:track:3ClyThLf2bguwdMcm7hqZ2","Kris R., Blessd","COSITAS","WEA Latina",16,22,5,"917728"
25,"spotify:track:13BDiikG6y5o5cQTK0HpW6","W Sound, Blessd, Ovy On The Drums","Soltera - W Sound 01","WEA Latina",1,23,58,"906317"
26,"spotify:track:3fmw8iIyQDS2L7nE6Wd0xG","Beéle","sobelove","5020 Records",5,25,27,"883732"
27,"spotify:track:0DMJz677XfXiiruhIELu2e","Jombriel, DFZM, Jøtta","VITAMINA","WEA Latina",2,26,28,"851079"
28,"spotify:track:7bywjHOc0wSjGGbj04XbVi","Feid, ATL Jacob","LUNA","UMLE - Latino",1,30,93,"831532"
29,"spotify:track:7ns16ylM6sbxo9ZWIwyE5d","Danny Ocean, Kapo","Imagínate","Atlantic Records",1,38,44,"760937"
30,"spotify:track:3ddJ8Vbc5tYPxq5zKRVke6","KAROL G, Marco Antonio Solís","Coleccionando Heridas","Bichota/Interscope Records",10,32,12,"760030"
31,"spotify:track:2lTm559tuIvatlT1u0JYG2","Bad Bunny","BAILE INoLVIDABLE","Rimas Entertainment LLC.",1,33,36,"734813"
32,"spotify:track:3mg9jYNC1NihbthlglzrWP","KAROL G, Feid, DFZM, Ovy On The Drums, J Balvin, Maluma, Ryan Castro, Blessd","+57","Bichota/Interscope Records",1,37,44,"731253"
33,"spotify:track:64zQbQTwu4ppBEfWyhst9t","KAROL G","Papasito","Bichota/Interscope Records",5,34,12,"728800"
34,"spotify:track:0akaZYAc94xnVRKpuP2Lvt","Blessd, Kris R.","JOKER","WEA Latina",12,28,16,"727471"
35,"spotify:track:1o4xkdBe0RjSf2u6VXi4OI","Yan Block, Panda Black","444","SONAR LLC.",30,31,60,"722095"
36,"spotify:track:4TFjpINnVhINpTdrtNQIvx","Kapo, Feid","X TI","Sony Music Latin/La Industria",19,36,10,"715714"
37,"spotify:track:6eLQXa6uk2EW8drsiKbABZ","Fuerza Regida","TU SANCHO","Rancho Humilde/Street Mob Records/Sony Music Latin",37,49,9,"698910"
38,"spotify:track:6ifUES3keWjwXgae8pXI3o","Danny Ocean","Me Rehúso","Atlantic Records",1,39,455,"692793"
39,"spotify:track:4sTnItbNUAcS5KDG6vTA5B","Blessd, Los Money Makers, Prodmonja","URUS BLUE","WEA Latina",32,35,15,"692584"
40,"spotify:track:0JY2QXSvlpA8DZwgaAYWlY","Miguel Bueno, Juan Duque","Solcito","Sony Music Latin",4,41,26,"689168"
41,"spotify:track:482PEx8hfMHSsuGtHd960A","Kapo","OHNANA","Sony Music Latin/La Industria",3,59,65,"669939"
42,"spotify:track:5Gis9Pxk7Cl9hAoV6rwj50","Jombriel, Ryan Castro, Alex Krack","Parte & Choke (with Ryan Castro) - Remix","WEA Latina",3,40,33,"665718"
43,"spotify:track:2Kx9AfJPaJib9DwAdDYdB9","Ryan Castro, Blaiz Fayah, Tribal Kush","BOMBASTIK<3","AWOO Corp./Sony Music Latin",20,46,15,"664411"
44,"spotify:track:3YSkiK0JAaWvZVh0rFa3ja","Ryan Castro","Ojalá","AWOO Corp./Sony Music Latin",19,56,18,"657118"
45,"spotify:track:1B1maIpcMpPDZ8GT0WHT0V","KAROL G","Milagros","Bichota/Interscope Records",5,44,18,"646573"
46,"spotify:track:3KZCP2StVGdWkOKyRZNWA4","Plan B","Es un Secreto","Pina Records",18,48,241,"646158"
47,"spotify:track:3qwEwtnOb6TyJkSGYEm02h","Greeicy","Quiero +","Universal Music Latino",43,43,3,"644959"
48,"spotify:track:3hpm0fTeSqlhJbnqAgaLZs","Fuerza Regida","Marlboro Rojo","Rancho Humilde/Street Mob Records/Sony Music Latin",48,57,8,"638154"
49,"spotify:track:4DnrAI8WyUY6gkOwl8GlPN","Alleh, Yorghaki","capaz (merengueton)","CONMUER LLC",17,47,40,"636718"
50,"spotify:track:4XGFya44QyFTbB1pBT1TLi","Anuel AA, Blessd, Ovy On The Drums","Portate Bonito","Real Hasta La Muerte, LLC",24,27,3,"632098"
51,"spotify:track:3CHcEAW2hG6rlT2W1LlOtQ","Kris R., Prodmonja","ELECTROLIBONBON","WEA Latina",17,45,6,"625907"
52,"spotify:track:1JXcB149QtbcIpDUA6YZOB","Grupo Niche","Algo Que Se Quede","Grupo Niche",30,42,210,"602392"
53,"spotify:track:1YYfyJ2yCvGFCxwjsIqEK9","Rauw Alejandro, Romeo Santos","Khé?","Sony Music Latin/Duars Entertainment",7,63,43,"594217"
54,"spotify:track:281YJmnThveWjsWVic9Ym6","Kris R., Blessd","Las Piponas (Remix)","La K Company SAS",3,52,50,"589561"
55,"spotify:track:4feh4Ak3ZJfC6ibxkNzlkE","Boza, ELENA ROSE","orióN","Sony Music Latin",6,76,65,"574415"
56,"spotify:track:5DdLSEyKh8zgCrJq2hFj92","Yan Block, TORRRES","Yo sé","SONAR LLC.",42,53,36,"568771"
57,"spotify:track:2btNsI4OvcVl7SAHQQDHFB","Blessd, Ovy On The Drums","Mírame","WEA Latina",1,64,73,"565734"
58,"spotify:track:0fea68AdmYNygeTGI4RC18","J Balvin, Bad Bunny","LA CANCIÓN","Universal Music Latino / Rimas",2,55,324,"562577"
59,"spotify:track:0xv6hhmkF4XLzG87mNA1ia","Grupo Niche","Sin Sentimiento","Codiscos",50,50,163,"561699"
60,"spotify:track:1pLCpA1RN8avJxSD3ZCwhj","Arcángel","Pa' Que La Pases Bien","Cinq Recordings",23,51,140,"547838"
61,"spotify:track:1i1n7hUzCDkXGFqIJSSzom","Beéle","frente al mar","5020 Records",13,78,50,"537064"
62,"spotify:track:0l0vcZMU7AOeQmUIREoI2U","Rauw Alejandro, Bad Bunny","Qué Pasaría...","Sony Music Latin/Duars Entertainment",11,83,43,"535275"
63,"spotify:track:4N1dogCaVWnGyFdPjdqNWF","Clave Especial, Fuerza Regida","COMO CAPO","WEA Latina",63,139,3,"533262"
64,"spotify:track:3CbiuLMBPM6uV4a7HvkOib","Tony Dize, Plan B","Solos","Pina Records",29,74,152,"531700"
65,"spotify:track:6C1RD7YQVvt3YQj0CmuTeu","Bad Bunny, Ozuna, Farruko, Arcángel, Ñengo Flow, DJ Luian, Mambo Kingz","Diles","Rimas Entertainment LLC",39,58,275,"530949"
66,"spotify:track:0JoHqmlqE0W0i9prt6kcHR","Maluma, Trap Capos, Noriel, Bryant Myers, Juhn","Cuatro Babys (feat. Trap Capos, Noriel, Bryant Myers & Juhn)","Sony Music Latin",16,60,108,"529520"
67,"spotify:track:27xkOIER6uDLKALIelHylZ","Jin","Don’t Say You Love Me","BIGHIT MUSIC",30,113,16,"520986"
68,"spotify:track:7d6yK8v8J484SWH5prIQiE","Bad Bunny, Omar Courtz, Dei V","VeLDÁ","Rimas Entertainment LLC.",5,66,36,"516994"
69,"spotify:track:5yXt80BNZGbmHFd0NHZHNn","Grupo Firme","El Beneficio De La Duda","Music VIP Entertainment Presenta Grupo Firme",56,73,29,"512360"
70,"spotify:track:2mdrVnxEnPR6iFijakkxQS","Young Cister, Kreamly","QLOO*","Sony Music Entertainment Chile S.A",70,80,4,"511016"
71,"spotify:track:0sOrHE0vkEhrmWZnhqjP36","Blessd, Hades66, Blackinny, Young Fatty","MAS QUE AMIGOS","WEA Latina",49,62,15,"510330"
72,"spotify:track:73scB4Q4fcOmnsBVZPmk32","KAROL G","Si Antes Te Hubiera Conocido","Bichota/Interscope Records",1,67,64,"508673"
73,"spotify:track:2BvPMS2XWfnCpHHvWeOyeC","Mora","DETRÁS DE TU ALMA","Rimas Entertainment LLC.",35,61,17,"496915"
74,"spotify:track:6v5qt5KPQHJt5ckWuhDGtM","Victor Valverde, JR Torres","El Mayor De Los Ranas","Vim Music",47,68,27,"494003"
75,"spotify:track:4rGmeh80y2lNfaVOrWHNEy","Blessd, Brytiago, Dei V, Noriel","BALCONCITO","WEA Latina",21,69,15,"476664"
76,"spotify:track:2gmd7lY3QSzLh0xIY4cRvi","Maisak, Feid","SE ME OLVIDA","Universal Music Latino",3,88,55,"475619"
77,"spotify:track:3sK8wGT43QFpWrvNQsrQya","Bad Bunny","DtMF","Rimas Entertainment LLC.",1,71,36,"473286"
78,"spotify:track:3GhmL9fuM8jwGcHCFbeo3v","Arcángel","Me Prefieres A Mi","Vida Music",42,65,94,"473166"
79,"spotify:track:6DUdDIRgLqCGq1DwkNWQTN","Maluma","Borro Cassette","Sony Music Latin",23,70,144,"468792"
80,"spotify:track:0a6ogDrZBvYgDjILgsQVaJ","Arcángel","Hace Mucho Tiempo","Pina Records",59,93,97,"468089"
81,"spotify:track:0fOjPUdkQjLH0aoGa5p5h4","Bryant Myers, Anonimus, Anuel AA, Almighty","Esclava - Remix","La Comission, LLC",81,82,44,"459721"
82,"spotify:track:2ALQyXMC26Vew7JX7ert9M","Blessd, Kris R.","POLOS OPUESTOS REMIX - BLESSD VERSION","WEA Latina",3,79,49,"449653"
83,"spotify:track:0O3U5iwTbiXCREMkvotJuN","Grupo Frontera, Grupo Firme","EL AMOR DE SU VIDA","Grupo Frontera",28,86,69,"448556"
84,"spotify:track:3NgDulHteTVdF026IxY5bW","Don Omar, Kendo Kapponi","RX","UMLE - Machete",59,99,76,"446669"
85,"spotify:track:5hWpXZOs7vpz0JD3CIylsb","ROA","FANTASÍA","Universal Music Latino",85,91,19,"444031"
86,"spotify:track:56bPsRfOKla3bGGmVz1uk4","Los Dareyes De La Sierra","Frecuencia","Double P Records",81,81,5,"442256"
87,"spotify:track:2J9B63FawlTaPdg4eH5X03","Beéle","Loco","Hear This Music",3,72,179,"439988"
88,"spotify:track:7iQXYTyuG13aoeHxGG28Nh","Bad Bunny, Feid","PERRO NEGRO","Rimas Entertainment LLC",1,110,100,"428447"
89,"spotify:track:6J5kc12BW5HuP3d7C3vvx8","Bad Bunny","EoO","Rimas Entertainment LLC.",7,92,36,"426842"
90,"spotify:track:5U3sC7aA5NxoMSeI1kmO2n","Blessd, Los Money Makers, Prodmonja","NUEVA YORK","WEA Latina",42,84,15,"424966"
91,"spotify:track:1QOdcBUzfhDM1twaQRNIko","Kris R., Prodmonja","Chococono","La K Company SAS",44,89,43,"423627"
92,"spotify:track:53wSngFr6eC0yazPNJQmtg","Nanpa Básico, DFZM","En Tu Boca El Humo Me Sabe Mejor","5020 Records",92,180,2,"422886"
93,"spotify:track:71w26UK674tLfGtJFfDSjE","Arcángel","Ganas De Ti","Cinq Recordings",91,100,34,"421834"
94,"spotify:track:6Sv0CzVqzydd7NYQgAG70c","KAROL G","Ivonny Bonita","Bichota/Interscope Records",8,75,12,"419081"
95,"spotify:track:2SPBFiD8iITb8CKJGz1TEQ","Yan Block","111","SONAR LLC.",59,87,29,"417677"
96,"spotify:track:0EFxJw34fK8DWlTxx9qYeW","Blessd","Instagram","WEA Latina",2,94,167,"417518"
97,"spotify:track:0HDHY6RSHHG2ZTE0cMT4GJ","Aventura","Los Infieles","Premium Latin Music",63,77,55,"417071"
98,"spotify:track:3eIvjtwoYC16ElxYE6ph7J","Ele A El Dominio","Hace Mucho Tiempo","InnerCat Music Group, LLC",68,101,65,"415764"
99,"spotify:track:1a7onn7lPqqRWul5ogyMyX","Fuerza Regida","ANSIEDAD","Rancho Humilde/Street Mob Records/Sony Music Latin",99,131,2,"415094"
100,"spotify:track:4wu7jIeJCUhQJaXsXVit0e","Blessd","Palabras Sobran","WEA Latina",23,104,90,"410915"
101,"spotify:track:61C7zXd4t2Zuhz6DRwgsLM","Piso 21, Marc Anthony, Beéle","Volver","WM Mexico",10,54,31,"408658"
102,"spotify:track:3FqUPvubYeRCMsdJ02QyZR","Fuerza Regida","TÚ NAME","Rancho Humilde/Street Mob Records",102,134,8,"407472"
103,"spotify:track:5ds1Hh3lo4JUF2vflqyayK","Yiyo Sarante","Manos de Tijera","TranKYouTV",72,106,53,"407151"
104,"spotify:track:3KwYiawBfqngH7eaUHQn2N","Ryan Castro, Maisak","FDSR","AWOO Corp./Sony Music Latin",7,124,48,"406447"
105,"spotify:track:6OaGIYcVzx5c7aEKkuYS1M","Tony Dize, Yandel","Permítame","Pina Records",72,145,179,"404414"
106,"spotify:track:21nc3O8OncUv1jjSrC1ML2","Yiyo Sarante","Corazon de Acero","TranKYouTV",52,96,170,"403311"
107,"spotify:track:5mp6OBKCAjN4UYRvhOuUze","Oscar Maydon, Fuerza Regida","Tu Boda","Rancho Humilde/Sony Music Latin",11,108,45,"401856"
108,"spotify:track:3YnNJdbJwgJbIY52RqWPVn","Kris R., Hades66, Almighty","Otros Planes","La K Company SAS",43,85,14,"396961"
109,"spotify:track:2HbmLkHkkI15eES8kpWRuI","Los Hijos De Puerto Rico","Separados","CM ANGEL (A91)",59,123,75,"396721"
110,"spotify:track:3fJHbMUnzceimOnNjp63fF","Carín León","Primera Cita","Socios Music, LLC",7,107,113,"396205"
111,"spotify:track:4jdwQISB7rhP1EO4JiwnJF","Luigi 21 Plus","Gata Oficial","Bokisucio Music",52,98,80,"392025"
112,"spotify:track:1BvoLDKmotg5dqfVW8y8KR","Luigi 21 Plus","Daga Adicta","Bokisucio Music",72,125,119,"391634"
113,"spotify:track:2SkB7jADnfiWH8qAE9H8cO","Xavi, Manuel Turizo","En Privado","Interscope Records",70,133,19,"390376"
114,"spotify:track:1kKhy7DEPN4fUj8OPIJrOk","J Balvin, Kris R.","SORNERO","Capitol Records",60,105,24,"390006"
115,"spotify:track:6yLqoieklk9gwabLaUDJ4s","La Factoria, Eddy Lover","Perdóname","PanamaMusic",109,109,22,"389315"
116,"spotify:track:30ga1gIdpg6M6ZshWo7YgC","ROA, Hades66","PPC","Universal Music Latino",57,112,27,"386317"
117,"spotify:track:7LABrQFfRYcZUqUwng0Heb","Yandel","Encantadora","Sony Music Latin",39,97,67,"385246"
118,"spotify:track:77pDO4WZPIdkwFve0iHWnb","Fuerza Regida","Por Esos Ojos","Rancho Humilde/Street Mob Records/Sony Music Latin",118,157,4,"383235"
119,"spotify:track:32SGaEtLE6u7t8tQ83O0nY","Kapo","KORAZONG","Sony Music Latin/La Industria",44,126,14,"381840"
120,"spotify:track:59D4DOkspUbWyMmbAPQkxZ","Bad Bunny","VOY A LLeVARTE PA PR","Rimas Entertainment LLC.",4,115,36,"380343"
121,"spotify:track:505v13epFXodT9fVAJ6h8k","KAROL G","AMARGURA","BICHOTA RECORDS / INTERSCOPE RECORDS / UNIVERSAL MUSIC LATINO",2,140,133,"377445"
122,"spotify:track:0OTtnwUO8natNWSwdZvXVF","Ovy On The Drums, Beéle","Inolvidable","WEA Latina",56,102,56,"373653"
123,"spotify:track:4Hkp1TiYqGYhknFwtUsbqd","ROA","ME GUSTAS CC","UMLE - Latino",70,120,24,"373522"
124,"spotify:track:5QSYWruQQ7kBCHScI4xJ9g","Manuel Medrano","Bajo El Agua","WM Mexico",42,119,364,"371926"
125,"spotify:track:6NSMQFKgjpQb0KkjMDYIK0","Arcángel, Bad Bunny, Mambo Kingz, DJ Luian","Tu No Vive Asi (feat. Mambo Kingz & DJ Luian)","Hear This Music",68,127,186,"371706"
126,"spotify:track:3tt9i3Hhzq84dPS8H7iSiJ","Manuel Turizo","La Bachata","Sony Music Latin/La Industria",2,132,171,"371357"
127,"spotify:track:5GTBdEjZe7zEDp1N0eCZE4","Peso Pluma, Estevan Plazola","HOLLYWOOD","2024 Double P Records",84,128,29,"371224"
128,"spotify:track:286NP8kXWzx2uHb5tr7TGv","David Pabon","Aquél Viejo Motel","UMLE - Latino",128,-1,5,"371186"
129,"spotify:track:5hKjEpYrJIJs6uPl7zw6Y6","Jory Boy, Bad Bunny","No Te Hagas","Young Boss Entertainment",93,114,82,"370847"
130,"spotify:track:4MUrUT38U98olfnyzMBCzm","Bad Bunny","KLOuFRENS","Rimas Entertainment LLC.",15,121,36,"370350"
131,"spotify:track:2KrQbq3aqGOFGnkTKnN2XA","KAROL G","LATINA FOREVA","Bichota/Interscope Records",12,103,16,"367621"
132,"spotify:track:4dyzxv5SsdBtunuU3qj7Ti","Fresto Music","Me Hace Daño Verte","Codiscos",30,122,161,"367225"
133,"spotify:track:63zeT81t627KKfZsC920QN","JC Reyes, Pirlo","REMEDIO","JC Reyes",39,90,18,"365286"
134,"spotify:track:57pj5sOWSCAqZm088LMcE4","Blessd, Maluma","Oe Bebé","WEA Latina",8,146,63,"364622"
135,"spotify:track:5q2JbCNi4FcnglgPfxcV65","Anuel AA, Daddy Yankee, Zion & Lennox, Farruko, Wisin","Sola (Remix)","Spiff TV, LLC / Real Hasta La Muerte, Inc.",6,117,201,"364214"
136,"spotify:track:0zDO5avDZSXRwWzfuguIRb","Dimension Latina, Oscar D'León","Llorarás","Musart-Balboa",31,155,272,"364172"
137,"spotify:track:0LpEr3qpmDQ1gEabnsQlGC","Manuel Medrano","La Distancia","WM Mexico",54,189,26,"363765"
138,"spotify:track:51YOvMn0xShoUKDdPecFbb","Beéle","morena (Bonus Track)","5020 Records",30,158,63,"361409"
139,"spotify:track:3OJDtCdYs8QJnui708tEU3","Shakira","Soltera","Sony Music Latin",9,-1,28,"360241"
140,"spotify:track:4ZGk5h0sIfeunWEKzXEoHr","Tito Rojas","Siempre Sere","Musical Productions",140,181,28,"359320"
141,"spotify:track:3D24ErT1MMmUfXWotSj2A2","Fuerza Regida, Grupo Frontera","ME JALO","Rancho Humilde/Streetmob Records/Grupo Frontera/Sony Music Latin",59,190,12,"359051"
142,"spotify:track:7MmrcXVA7A5zZ2CbDuGHNa","Rels B","A Mí","DALE PLAY Records / Flakk Team",57,169,281,"357917"
143,"spotify:track:6r46lnXFbE9fr2d3KNaGbe","Romeo Santos","Imitadora","Sony Music Latin",29,141,89,"357813"
144,"spotify:track:6sRQjwLPdzADXhgZeKy6PQ","Frankie Ruiz","Tú Con El","flyMusic Producciones",44,165,170,"355133"
145,"spotify:track:4bw8mcDUSRWfQo63ZTYRnU","Maluma, Carín León","Según Quién","Sony Music Latin",3,118,104,"354272"
146,"spotify:track:5hiHDuJOcBmB8wguFDPFjD","Frankie Ruiz","Deseándote","flyMusic Producciones",93,116,136,"354069"
147,"spotify:track:3Pij77JPCmUbAgJ6xUz8Rj","Kris R., Los Money Makers","Como Te Va Sin Mi","Virgin Music Label And Artist Services (P&D)",29,129,22,"353878"
148,"spotify:track:0bK3jxkbq5cDKWr68KtO8G","Manuel Medrano","Una y Otra Vez","WM Mexico",29,130,180,"350788"
149,"spotify:track:0fKK51bU6lcCCwdNnv64t3","Blessd, Anuel AA, Ovy On The Drums","DEPORTIVO","WEA Latina",2,147,43,"349886"
150,"spotify:track:0hzO3OqNIPCwRKxvwBdtjS","Blessd, Ryan Castro, De La Ghetto, Darell, Sahir, Hades66, Kris R.","ACEITE DE COCO (feat. Ryan Castro, De La Ghetto, Darell, Sahir, Hades66, Kris R.)","WEA Latina",14,111,35,"349295"
151,"spotify:track:0Sr7ssScx54yxdM2ols7nW","Omar Courtz, De La Rose","Q U E V A S H A C E R H O Y ?","Mr.305 Records / Rimas Entertainment LLC.",8,164,46,"348559"
152,"spotify:track:6Fn0YHHglTA5qBVXS8yOER","Los Diablitos","Cuando Casi Te Olvidaba","Codiscos",50,-1,20,"348481"
153,"spotify:track:5jJTqI5yteOyLWoDTjiHCO","Luis Enrique","Yo No Sé Mañana","Luis Enrique Oficial",77,-1,34,"348232"
154,"spotify:track:5YJ4BVvTFmVCxUyhKejHfR","Tego Calderón","Pa' Que Retozen","Jiggiri Records, Inc.",18,168,249,"346993"
155,"spotify:track:2339UOI2SU3L1nJtUnx0GF","Danny Ocean","Corazón","Atlantic Records",144,166,4,"344717"
156,"spotify:track:6d3q0F9VNtdxQUTVlRcet6","Canserbero","Querer Querernos","Fundacion El Canserbero",107,149,59,"344647"
157,"spotify:track:0P05ImgE7sHrQIq9bSvyv5","Bryant Myers","Como Panas","eOne Urban",113,144,25,"343587"
158,"spotify:track:2CeKVsFFXG4QzA415QygGb","Feid","Feliz Cumpleaños Ferxxo","UMLE - Latino",1,179,160,"343476"
159,"spotify:track:7d05Cx72W1WsWUw7MAD7ia","Casa De Leones","Shorty","WEA Latina",119,-1,7,"342951"
160,"spotify:track:3cuxPiF5W1ID8R5Mmr36gS","Beéle","Si Te Interesa","Sony Music Latin",43,193,21,"342410"
161,"spotify:track:69Ej1xrGjOcHvIMtMKxK0G","Don Omar","Dile","UMLE - Machete",22,152,253,"341887"
162,"spotify:track:1VqkWZoqbVippDvGeDqG5j","La Suprema Corte","Escombros","Discos Lags",133,138,12,"340683"
163,"spotify:track:7fuKGQRFnSZu4k1LSJnuex","Frankie Ruiz","Desnúdate Mujer","flyMusic Producciones",163,171,18,"339900"
164,"spotify:track:1CPZ5BxNNd0n0nF4Orb9JS","HUNTR/X, EJAE, AUDREY NUNA, REI AMI, KPop Demon Hunters Cast","Golden","K-Pop Demon Hunters",125,156,9,"339496"
165,"spotify:track:0TqiEaLyxjkuWIi649BYLv","Ryan Castro, Blessd","Lejanía","King Records",56,-1,64,"339473"
166,"spotify:track:05yMrCIM3QQVLhlAlLMUVQ","Dalmata, Ñejo","Señal De Vida","Dalmata & NEJO",19,142,127,"338626"
167,"spotify:track:4NUt1fcnO9aQAELBgXq3Kr","Alejandro Fernández","Me Dediqué a Perderte","Columbia",143,178,17,"336516"
168,"spotify:track:0BenZn1xELuxhb7Pjwyjxv","Don Omar, Plan B","Hooka","UMLE - Machete",84,-1,181,"335994"
169,"spotify:track:2CQJlWoNln1bdobttQ4znq","David Pabon","Si Me Ves Llorar","Codiscos",148,172,20,"335730"
170,"spotify:track:1zsPaEkglFvxjAhrM8yhpr","Ozuna, Feid","Hey Mor","Aura Music Corp.",1,151,149,"333460"
171,"spotify:track:4G1DYPZP4vGWfY2ki1rvjP","W Sound, Ovy On The Drums, Dei V","Undercromo - W Sound 06","WEA Latina",17,135,7,"333218"
172,"spotify:track:1cMU20gleQO9xYjCeni3DJ","Rels B, Kapo","Carita Angelikal","DALE PLAY Records / Flakk Team",97,-1,7,"331865"
173,"spotify:track:3HqcNJdZ2seoGxhn0wVNDK","KAROL G","PROVENZA","BICHOTA RECORDS / INTERSCOPE RECORDS / UNIVERSAL MUSIC LATINO",1,162,177,"329533"
174,"spotify:track:5P9Rhc64ZcSGSlBDXEVGOw","Los Diablitos","Busca Un Confidente","Codiscos",28,-1,47,"326919"
175,"spotify:track:7hynhxDoDpgMIV12JuVtNa","J Balvin, Bad Bunny, Marciano Cantero","UN PESO","Universal Music Latino / Rimas",18,191,300,"325907"
176,"spotify:track:5TFD2bmFKGhoCRbX61nXY5","Bad Bunny","NUEVAYoL","Rimas Entertainment LLC.",3,182,36,"325888"
177,"spotify:track:6G4U9avyBNEfP0fAIduev3","Aventura, Don Omar","Ella Y Yo - Featuring Don Omar","Premium Latin Music",69,153,131,"325869"
178,"spotify:track:2MioxSroS0g1mi24LLfcnq","Aventura","Por un Segundo","Premium Latin Music",78,143,30,"325528"
179,"spotify:track:4M4Tc6Mx3IZhOXD8H7Iziq","Hades66","Emociones","SONAR LLC.",51,199,77,"325202"
180,"spotify:track:39L3LdlHS3gqB62HPWaJRg","Bad Bunny","NO ME QUIERO CASAR","Rimas Entertainment LLC",24,-1,54,"323727"
181,"spotify:track:6I86RF3odBlcuZA9Vfjzeq","Romeo Santos","Eres Mía","Sony Music Latin",65,154,32,"321731"
182,"spotify:track:614NVFo5csQqRnryl4jXs2","Héctor ""El Father"", Wisin & Yandel","El Telefono","Machete Music",165,-1,6,"321047"
183,"spotify:track:4f49sFQko7jHLEFd3tCf5p","Don Omar","Ojitos Chiquitos","UMLE - Machete",38,200,222,"320639"
184,"spotify:track:25ZAibhr3bdlMCLmubZDVt","J Balvin, Bad Bunny","QUE PRETENDES","Universal Music Latino / Rimas",4,-1,215,"320166"
185,"spotify:track:2hi1aFllOFRNH8gIHxQvD9","Cosculluela, Nicky Jam","Te Busco","Rottweilas, Inc.",49,137,72,"318775"
186,"spotify:track:5jsDh2866hUFi7Dhks4Dvn","Ryan Castro, elkno, Blessd","Comerte a Besos - Remix","AWOO Corp./Sony Music Latin",48,195,40,"317060"
187,"spotify:track:4eDjNcAyIuJFhQ31Fvvoc1","J Alvarez, Ñejo & Dalmata","Sexo, Sudor y Calor","On Top of the World Music",83,185,204,"316853"
188,"spotify:track:3YrTrs2hJbLklaBdhr4TrH","ROA, De La Rose, Luar La L, Yan Block, Omar Courtz","ETA - RMX","UMLE - Latino",55,197,38,"316560"
189,"spotify:track:4oB8Xd7gMlUEtWoD8bmCXW","Neton Vega, Peso Pluma","Morena","Josa Records",163,170,11,"316457"
190,"spotify:track:2JPctdUgvkQSpnUdfROxvY","Alemán, Neton Vega","Te Quería Ver","HOMEGROWN MAFIA S.A. DE C.V./Sony Music México-Latin",21,148,27,"315245"
191,"spotify:track:7so0lgd0zP2Sbgs2d7a1SZ","Lady Gaga, Bruno Mars","Die With A Smile","Interscope Records",28,-1,52,"314918"
192,"spotify:track:5HCk7iruzhQ1FbxyS3igmM","La Combinación Vallenata, Jean Carlos Centeno","Ayer Y Hoy","Codiscos",192,-1,2,"314673"
193,"spotify:track:1dAQ93kw8Sy9n4JCz2G9Nf","Alexis y Fido, Arcángel, De La Ghetto","Camuflaje (Remix)","Wild Dogz Music",165,173,3,"314216"
194,"spotify:track:0Y9c9SRQgswjlt4BzCsJv4","Santiago Cruz","Y Si Te Quedas, ¿Qué?","Santiago Cruz",82,150,49,"313541"
195,"spotify:track:5HCGrYR7g9u2X9Ju83yQLm","Adolescent's Orquesta","Virgen","Korta Records",69,188,142,"312516"
196,"spotify:track:0T2pB7P1VdXPhLdQZ488uH","Feid","Normal","UMLE - Latino",1,-1,165,"312391"
197,"spotify:track:1iQ3p8rAXU7LU52QarCzlO","ROA, CDobleta","TATE QUIETA","UMLE - Latino",79,-1,21,"311736"
198,"spotify:track:1iEwyiSLAunPR6uouANE0O","Maluma","El Perdedor","Sony Music Latin",75,161,39,"310463"
199,"spotify:track:2cRtuTadVm0JzoW4NNTIqI","Plan B","Candy","Pina Records",101,-1,145,"309649"
200,"spotify:track:3QwBODjSEzelZyVjxPOHdq","Zion & Lennox, J Balvin","Otra Vez (feat. J Balvin)","WEA Latina",1,159,275,"307485"
